{
  "name": "BME680 Sensor",
  "author": "Your Name",
  "pins": ["VCC", "GND", "SDA", "SCL"],
  "controls": [
    {"id": "temperature", "label": "Temperature (°C)", "type": "range", "min": -20, "max": 85, "step": 0.1},
    {"id": "humidity", "label": "Humidity (%)", "type": "range", "min": 0, "max": 100, "step": 0.1},
    {"id": "pressure", "label": "Pressure (hPa)", "type": "range", "min": 300, "max": 1100, "step": 0.1},
    {"id": "gas", "label": "Gas Resistance (Ω)", "type": "range", "min": 0, "max": 100000, "step": 100}
  ]
}