{
  "version": 1,
  "author": "Uri Shaked",
  "editor": "wokwi",
  "parts": [
    {
      "type": "board-pi-pico-w",
      "id": "pico",
      "top": -99.25,
      "left": 147.55,
      "attrs": { "builder": "pico-sdk" }
    },
    { "type": "chip-gps-fake", "id": "chip1", "top": -142.98, "left": 139.2, "attrs": {} },
    { "type": "chip-bme680", "id": "chip2", "top": 125.82, "left": 129.6, "attrs": {} },
    {
      "type": "wokwi-hx711",
      "id": "cell1",
      "top": -141.4,
      "left": 300.2,
      "attrs": { "type": "50kg" }
    },
    {
      "type": "wokwi-mpu6050",
      "id": "imu1",
      "top": -54.62,
      "left": 12.52,
      "rotate": 90,
      "attrs": {}
    }
  ],
  "connections": [
    [ "pico:GP0", "$serialMonitor:RX", "", [] ],
    [ "pico:GP1", "$serialMonitor:TX", "", [] ],
    [ "chip1:GND", "pico:GND.8", "black", [ "v0", "h11.41", "v57.6" ] ],
    [ "chip1:RX", "pico:GP0", "green", [ "h-28.8", "v19.2" ] ],
    [ "chip1:TX", "pico:GP1", "green", [ "h-19.2", "v48" ] ],
    [ "pico:3V3", "chip1:VCC", "red", [ "h48.31", "v-86.4" ] ],
    [ "imu1:SDA", "pico:GP2", "green", [ "h46.56", "v-38.08" ] ],
    [ "imu1:SCL", "pico:GP3", "green", [ "h56.16", "v-38.08" ] ],
    [ "imu1:VCC", "pico:3V3", "red", [ "h17.76", "v105.92", "h172.8", "v-172.8" ] ],
    [ "pico:GND.3", "imu1:GND", "black", [ "h-48", "v-28.8" ] ],
    [ "chip2:VCC", "pico:3V3", "red", [ "h-38.4", "v-19.2", "h172.8", "v-163.2" ] ],
    [ "chip2:GND", "pico:GND.3", "black", [ "h-28.8", "v-115.2" ] ],
    [ "chip2:SCL", "pico:GP3", "green", [ "h11.41", "v-28.8", "h-115.2", "v-153.6" ] ],
    [ "chip2:SDA", "pico:GP2", "green", [ "h11.41", "v19.2", "h-124.8", "v-220.8" ] ],
    [ "pico:GP26", "cell1:DT", "green", [ "h67.51", "v-105.1" ] ],
    [ "pico:GP27", "cell1:SCK", "green", [ "h57.91", "v-85.6" ] ],
    [ "cell1:GND", "pico:GND.8", "black", [ "h-48", "v9.3" ] ],
    [ "cell1:VCC", "pico:3V3", "red", [ "h-38.4", "v38.4" ] ]
  ],
  "dependencies": {}
}